customer_id,first_name,last_name,email,phone,city,state,zip_code,customer_segment,customer_since,status,customer_persona,story_note
CUST0001,Sarah,Johnson,sarah.johnson@example.com,436-555-6022,Dallas,TX,75201,Residential,2020-04-15,Active,Loyal,"Low churn: long tenure, premium internet, on-time payments, one resolved issue."
CUST0002,Michael,Davis,michael.davis@example.com,448-555-2396,Orlando,FL,32801,Residential,2024-08-20,Active,At Risk,"High churn: late payments, repeated internet complaints, declining usage."
CUST0003,Emily,Brown,emily.brown@example.com,412-555-3374,Charlotte,NC,28202,Residential,2019-02-11,Active,High Value,Premium bundle customer with high lifetime revenue and low support friction.
CUST0004,David,Wilson,david.wilson@example.com,760-555-4045,Austin,TX,78701,Small Business,2018-09-05,Active,High Value,Business internet customer with high revenue and stable usage.
CUST0005,Jessica,Martinez,jessica.martinez@example.com,280-555-5052,Tampa,FL,33602,Residential,2026-01-18,Active,New,New customer with limited billing history and early usage growth.
CUST0006,Daniel,Garcia,daniel.garcia@example.com,267-555-2949,Fort Worth,TX,76102,Residential,2021-06-10,Active,Growing,"Upgraded from Internet 300 to 500, then added mobile."
CUST0007,Amanda,Lee,amanda.lee@example.com,997-555-6339,Los Angeles,CA,90012,Residential,2022-03-22,Suspended,At Risk,Repeated billing issues and unresolved service complaints.
CUST0008,Brian,Clark,brian.clark@example.com,666-555-3240,Raleigh,NC,27601,Small Business,2020-11-02,Active,Growing,Small business customer with increasing usage and recent plan upgrade.
CUST0009,Nicole,White,nicole.white@example.com,754-555-7282,San Diego,CA,92101,Residential,2018-05-30,Active,Loyal,Long-term customer with consistent payments and low ticket volume.
CUST0010,Kevin,Moore,kevin.moore@example.com,693-555-5497,Columbus,OH,43215,Residential,2025-05-14,Active,New,Newer customer with moderate usage and one activation ticket.
CUST0011,Laura,Taylor,laura.taylor@example.com,867-555-3479,Cincinnati,OH,45202,Residential,2020-01-12,Active,Loyal,Stable TV and internet customer with strong payment history.
CUST0012,Ryan,Anderson,ryan.anderson@example.com,482-555-6978,St. Louis,MO,63101,Residential,2023-09-09,Active,Growing,Growing customer with increasing internet usage.
CUST0013,Olivia,Thomas,olivia.thomas@example.com,501-555-4261,Dallas,TX,75201,Enterprise,2018-03-25,Active,High Value,Enterprise-like customer profile with business plan and premium services.
CUST0014,Steven,Harris,steven.harris@example.com,527-555-8355,Arlington,TX,76010,Residential,2024-04-01,Active,At Risk,High ticket volume and mixed payment behavior.
CUST0015,Patricia,Martin,patricia.martin@example.com,972-555-2275,Orlando,FL,32801,Residential,2019-12-19,Active,Loyal,Long-term customer with few issues and steady bundle revenue.
CUST0016,Joshua,Lewis,joshua.lewis@example.com,866-555-4297,Charlotte,NC,28202,Small Business,2021-01-07,Active,High Value,Small business user with high monthly revenue.
CUST0017,Michelle,Walker,michelle.walker@example.com,641-555-7803,Tampa,FL,33602,Residential,2025-11-08,Active,New,Recent mobile and internet customer.
CUST0018,Anthony,Robinson,anthony.robinson@example.com,509-555-2944,Fort Worth,TX,76102,Residential,2022-07-17,Active,Growing,Added TV bundle after usage increased.
CUST0019,Grace,Hall,grace.hall@example.com,837-555-9718,Los Angeles,CA,90012,Residential,2023-02-02,Inactive,At Risk,Customer with declining usage and eventual inactive status.
CUST0020,Nathan,Young,nathan.young@example.com,359-555-9910,Austin,TX,78701,Residential,2018-08-28,Active,Loyal,High tenure and consistent premium plan usage.
CUST0021,Sophia,King,sophia.king@example.com,203-555-6580,San Antonio,TX,78205,Residential,2026-02-10,Active,New,Brand-new customer with early onboarding ticket.
CUST0022,Matthew,Scott,matthew.scott@example.com,538-555-6093,Raleigh,NC,27601,Residential,2020-10-03,Active,High Value,Premium bundle with high revenue and strong engagement.
CUST0023,Kimberly,Adams,kimberly.adams@example.com,363-555-8672,Columbus,OH,43215,Residential,2024-06-06,Active,At Risk,Multiple late payments and service outage complaints.
CUST0024,Justin,Torres,justin.torres@example.com,310-555-1256,San Diego,CA,92101,Residential,2021-09-21,Active,Growing,Mobile add-on customer with rising usage.
CUST0025,Rebecca,Nguyen,rebecca.nguyen@example.com,633-555-2916,St. Petersburg,FL,33701,Residential,2019-07-04,Active,Loyal,Long-term customer with low churn and quick issue resolution.
CUST0026,Michael,Perez,michael.perez26@example.com,251-555-5593,Arlington,TX,76010,Residential,2020-02-08,Active,Loyal,
CUST0027,Michelle,White,michelle.white27@example.com,810-555-2313,San Antonio,TX,78205,Residential,2023-08-30,Active,Growing,
CUST0028,Ashley,Robinson,ashley.robinson28@example.com,824-555-7917,Columbus,OH,43215,Residential,2023-01-19,Active,Growing,
CUST0029,Joshua,Johnson,joshua.johnson29@example.com,544-555-6896,Fort Worth,TX,76102,Enterprise,2022-12-16,Active,At Risk,
CUST0030,Nathan,Thomas,nathan.thomas30@example.com,407-555-4360,Orlando,FL,32801,Residential,2020-10-26,Active,Loyal,
CUST0031,Ashley,Brown,ashley.brown31@example.com,803-555-5193,St. Louis,MO,63101,Residential,2022-06-15,Active,Growing,
CUST0032,Brandon,Hill,brandon.hill32@example.com,273-555-3055,St. Louis,MO,63101,Residential,2019-06-11,Active,Loyal,
CUST0033,Joseph,Lopez,joseph.lopez33@example.com,210-555-8630,Orlando,FL,32801,Residential,2026-05-31,Active,New,
CUST0034,Matthew,White,matthew.white34@example.com,505-555-1304,Dallas,TX,75201,Enterprise,2019-07-31,Active,Loyal,
CUST0035,Joseph,Lewis,joseph.lewis35@example.com,614-555-4489,Charlotte,NC,28202,Enterprise,2019-02-21,Active,Loyal,
CUST0036,Thomas,Clark,thomas.clark36@example.com,410-555-8347,Arlington,TX,76010,Residential,2021-05-03,Active,Loyal,
CUST0037,Michael,Thompson,michael.thompson37@example.com,721-555-6629,Los Angeles,CA,90012,Residential,2023-01-22,Active,Growing,
CUST0038,Ryan,Lopez,ryan.lopez38@example.com,853-555-5854,Charlotte,NC,28202,Small Business,2018-07-19,Active,Loyal,
CUST0039,Jessica,Scott,jessica.scott39@example.com,252-555-2522,Charlotte,NC,28202,Residential,2026-05-16,Active,New,
CUST0040,Ashley,Sanchez,ashley.sanchez40@example.com,931-555-8755,San Antonio,TX,78205,Residential,2022-09-17,Active,High Value,
CUST0041,Mary,Brown,mary.brown41@example.com,886-555-4891,Raleigh,NC,27601,Small Business,2022-03-04,Active,Growing,
CUST0042,Stephanie,Martin,stephanie.martin42@example.com,718-555-8703,Raleigh,NC,27601,Residential,2019-08-09,Active,Loyal,
CUST0043,Andrew,Allen,andrew.allen43@example.com,880-555-8696,Austin,TX,78701,Residential,2021-05-12,Active,Loyal,
CUST0044,Nicole,Thompson,nicole.thompson44@example.com,422-555-7573,Los Angeles,CA,90012,Residential,2018-07-24,Active,Loyal,
CUST0045,Sarah,Williams,sarah.williams45@example.com,523-555-9815,St. Petersburg,FL,33701,Residential,2022-06-03,Active,Growing,
CUST0046,Brandon,Martin,brandon.martin46@example.com,812-555-3155,Los Angeles,CA,90012,Residential,2022-12-12,Active,At Risk,
CUST0047,Daniel,Harris,daniel.harris47@example.com,315-555-7527,Tampa,FL,33602,Residential,2021-11-22,Active,Growing,
CUST0048,Daniel,Wright,daniel.wright48@example.com,384-555-3027,San Antonio,TX,78205,Residential,2021-09-03,Active,Growing,
CUST0049,Andrew,White,andrew.white49@example.com,971-555-4850,Orlando,FL,32801,Residential,2022-03-22,Inactive,At Risk,
CUST0050,Kevin,Smith,kevin.smith50@example.com,289-555-5581,Charlotte,NC,28202,Small Business,2023-08-21,Active,Growing,
CUST0051,Kevin,Smith,kevin.smith51@example.com,692-555-1330,Los Angeles,CA,90012,Residential,2023-09-10,Active,Growing,
CUST0052,Linda,Jones,linda.jones52@example.com,714-555-9705,Columbus,OH,43215,Residential,2024-02-09,Active,At Risk,
CUST0053,Joshua,King,joshua.king53@example.com,823-555-4820,Orlando,FL,32801,Residential,2021-05-17,Active,Loyal,
CUST0054,Kimberly,Clark,kimberly.clark54@example.com,953-555-2802,St. Louis,MO,63101,Residential,2019-03-29,Active,Loyal,
CUST0055,Ashley,Jackson,ashley.jackson55@example.com,437-555-2000,Orlando,FL,32801,Residential,2019-05-25,Active,Loyal,
CUST0056,Andrew,Nguyen,andrew.nguyen56@example.com,255-555-6765,Cincinnati,OH,45202,Small Business,2018-05-05,Active,High Value,
CUST0057,Amanda,Martinez,amanda.martinez57@example.com,367-555-6786,Arlington,TX,76010,Residential,2025-12-09,Active,New,
CUST0058,Mary,King,mary.king58@example.com,996-555-7829,Arlington,TX,76010,Enterprise,2020-08-21,Active,High Value,
CUST0059,Sophia,Williams,sophia.williams59@example.com,644-555-3494,Fort Worth,TX,76102,Residential,2020-05-12,Active,Loyal,
CUST0060,Daniel,Harris,daniel.harris60@example.com,885-555-6302,Dallas,TX,75201,Residential,2023-08-18,Active,Growing,
CUST0061,Andrew,Torres,andrew.torres61@example.com,443-555-8333,Dallas,TX,75201,Residential,2023-03-09,Active,Growing,
CUST0062,Melissa,Lee,melissa.lee62@example.com,755-555-3034,Raleigh,NC,27601,Enterprise,2020-11-26,Active,High Value,
CUST0063,Amy,Hernandez,amy.hernandez63@example.com,532-555-6533,Dallas,TX,75201,Enterprise,2025-01-24,Active,New,
CUST0064,Thomas,Davis,thomas.davis64@example.com,552-555-8472,Cincinnati,OH,45202,Residential,2025-02-08,Active,New,
CUST0065,Amanda,Robinson,amanda.robinson65@example.com,703-555-8469,San Diego,CA,92101,Residential,2023-03-22,Active,Growing,
CUST0066,Stephanie,Rodriguez,stephanie.rodriguez66@example.com,661-555-6854,Fort Worth,TX,76102,Residential,2023-07-04,Active,Growing,
CUST0067,Joseph,King,joseph.king67@example.com,203-555-3036,Arlington,TX,76010,Residential,2021-11-10,Active,Growing,
CUST0068,Linda,Miller,linda.miller68@example.com,854-555-7113,Austin,TX,78701,Small Business,2026-03-05,Active,New,
CUST0069,Linda,Perez,linda.perez69@example.com,859-555-1770,Charlotte,NC,28202,Residential,2020-06-30,Active,High Value,
CUST0070,Anthony,Lee,anthony.lee70@example.com,393-555-8664,San Antonio,TX,78205,Residential,2026-01-07,Active,New,
CUST0071,John,Brown,john.brown71@example.com,930-555-1738,St. Petersburg,FL,33701,Enterprise,2019-06-10,Active,Loyal,
CUST0072,Steven,Taylor,steven.taylor72@example.com,843-555-6784,San Antonio,TX,78205,Residential,2022-05-14,Active,Growing,
CUST0073,Amanda,Ramirez,amanda.ramirez73@example.com,547-555-1925,Orlando,FL,32801,Residential,2022-02-27,Active,Growing,
CUST0074,Sophia,Perez,sophia.perez74@example.com,211-555-5554,Columbus,OH,43215,Residential,2022-08-05,Active,At Risk,
CUST0075,Michael,Williams,michael.williams75@example.com,497-555-3124,San Antonio,TX,78205,Residential,2018-08-16,Active,Loyal,
CUST0076,Brandon,Davis,brandon.davis76@example.com,931-555-3948,Los Angeles,CA,90012,Residential,2025-06-18,Active,New,
CUST0077,Brian,White,brian.white77@example.com,278-555-2117,Dallas,TX,75201,Residential,2021-10-23,Active,Growing,
CUST0078,Barbara,Scott,barbara.scott78@example.com,825-555-3642,Raleigh,NC,27601,Enterprise,2025-11-05,Active,New,
CUST0079,Jessica,Garcia,jessica.garcia79@example.com,431-555-4555,Charlotte,NC,28202,Residential,2020-03-14,Active,Loyal,
CUST0080,Brian,Moore,brian.moore80@example.com,247-555-1651,Raleigh,NC,27601,Residential,2020-01-20,Active,Loyal,
CUST0081,Steven,Lopez,steven.lopez81@example.com,809-555-1646,Los Angeles,CA,90012,Residential,2022-04-27,Active,High Value,
CUST0082,Rebecca,Scott,rebecca.scott82@example.com,433-555-6004,Cincinnati,OH,45202,Residential,2025-11-27,Active,New,
CUST0083,Nicole,Lopez,nicole.lopez83@example.com,517-555-4179,Arlington,TX,76010,Residential,2023-03-21,Suspended,At Risk,
CUST0084,Barbara,Smith,barbara.smith84@example.com,941-555-8302,Cincinnati,OH,45202,Residential,2023-09-02,Active,Growing,
CUST0085,Jennifer,Martin,jennifer.martin85@example.com,749-555-5906,Orlando,FL,32801,Residential,2021-11-01,Active,High Value,
CUST0086,Olivia,Smith,olivia.smith86@example.com,958-555-7273,St. Louis,MO,63101,Residential,2019-02-01,Active,Loyal,
CUST0087,Emily,Hill,emily.hill87@example.com,564-555-1278,Fort Worth,TX,76102,Residential,2023-03-31,Suspended,At Risk,
CUST0088,Paul,Johnson,paul.johnson88@example.com,713-555-6021,Dallas,TX,75201,Residential,2026-03-12,Active,New,
CUST0089,Thomas,Scott,thomas.scott89@example.com,623-555-4721,Austin,TX,78701,Residential,2020-04-26,Active,Loyal,
CUST0090,Jennifer,Allen,jennifer.allen90@example.com,980-555-6610,Cincinnati,OH,45202,Residential,2022-05-26,Active,Growing,
CUST0091,John,Smith,john.smith91@example.com,584-555-1527,Austin,TX,78701,Residential,2022-11-07,Active,Growing,
CUST0092,Patricia,Hernandez,patricia.hernandez92@example.com,955-555-3883,Fort Worth,TX,76102,Residential,2020-08-18,Active,Loyal,
CUST0093,Grace,Torres,grace.torres93@example.com,202-555-4222,Los Angeles,CA,90012,Enterprise,2021-04-17,Active,Loyal,
CUST0094,Mark,Anderson,mark.anderson94@example.com,525-555-9768,Austin,TX,78701,Residential,2023-03-25,Active,Growing,
CUST0095,James,White,james.white95@example.com,895-555-9763,Austin,TX,78701,Residential,2026-02-23,Active,New,
CUST0096,Anthony,Hill,anthony.hill96@example.com,538-555-9538,Cincinnati,OH,45202,Residential,2025-04-05,Active,New,
CUST0097,Kimberly,Allen,kimberly.allen97@example.com,968-555-7428,Columbus,OH,43215,Enterprise,2025-02-05,Active,New,
CUST0098,Justin,Martin,justin.martin98@example.com,432-555-5084,Raleigh,NC,27601,Residential,2026-02-15,Active,New,
CUST0099,John,Hill,john.hill99@example.com,306-555-1131,Tampa,FL,33602,Residential,2021-12-17,Active,Growing,
CUST0100,Stephanie,Anderson,stephanie.anderson100@example.com,924-555-6031,Fort Worth,TX,76102,Enterprise,2026-02-18,Active,New,
CUST0101,Amy,Martinez,amy.martinez101@example.com,223-555-7380,Dallas,TX,75201,Residential,2022-10-12,Active,At Risk,
CUST0102,Hannah,Rodriguez,hannah.rodriguez102@example.com,696-555-1166,Austin,TX,78701,Residential,2020-04-10,Active,Loyal,
CUST0103,Elizabeth,Clark,elizabeth.clark103@example.com,771-555-6494,San Antonio,TX,78205,Residential,2026-01-26,Active,New,
CUST0104,Amanda,Jackson,amanda.jackson104@example.com,487-555-9234,Dallas,TX,75201,Residential,2018-12-02,Active,Loyal,
CUST0105,Nathan,Taylor,nathan.taylor105@example.com,463-555-4191,San Antonio,TX,78205,Residential,2021-11-06,Active,Growing,
CUST0106,Stephanie,Johnson,stephanie.johnson106@example.com,225-555-7973,Dallas,TX,75201,Small Business,2025-09-06,Active,New,
CUST0107,Ryan,Hernandez,ryan.hernandez107@example.com,652-555-3626,Charlotte,NC,28202,Residential,2023-04-08,Active,At Risk,
CUST0108,Mary,Walker,mary.walker108@example.com,967-555-3860,St. Louis,MO,63101,Residential,2020-10-23,Active,Loyal,
CUST0109,Amy,Nguyen,amy.nguyen109@example.com,863-555-9406,Cincinnati,OH,45202,Residential,2021-10-14,Active,High Value,
CUST0110,John,Sanchez,john.sanchez110@example.com,346-555-1393,Cincinnati,OH,45202,Residential,2021-08-18,Active,Growing,
CUST0111,Robert,Brown,robert.brown111@example.com,485-555-5115,Fort Worth,TX,76102,Residential,2021-03-27,Active,Loyal,
CUST0112,Thomas,Robinson,thomas.robinson112@example.com,740-555-6952,San Antonio,TX,78205,Residential,2025-04-28,Active,At Risk,
CUST0113,Andrew,Martinez,andrew.martinez113@example.com,216-555-1594,Fort Worth,TX,76102,Small Business,2021-04-12,Active,Growing,
CUST0114,David,Anderson,david.anderson114@example.com,264-555-6395,Austin,TX,78701,Residential,2025-03-02,Active,New,
CUST0115,Kevin,White,kevin.white115@example.com,994-555-8440,Fort Worth,TX,76102,Residential,2026-03-09,Active,New,
CUST0116,Jennifer,Wright,jennifer.wright116@example.com,555-555-6083,Raleigh,NC,27601,Residential,2021-05-25,Active,Growing,
CUST0117,Ryan,Thomas,ryan.thomas117@example.com,276-555-2990,St. Petersburg,FL,33701,Residential,2021-08-20,Active,Growing,
CUST0118,Donald,Harris,donald.harris118@example.com,492-555-2741,St. Petersburg,FL,33701,Residential,2019-11-22,Active,Loyal,
CUST0119,Linda,Nguyen,linda.nguyen119@example.com,231-555-7993,Fort Worth,TX,76102,Residential,2020-11-01,Active,Loyal,
CUST0120,Joseph,Davis,joseph.davis120@example.com,248-555-6768,Orlando,FL,32801,Residential,2021-11-16,Active,Growing,
CUST0121,Linda,Clark,linda.clark121@example.com,941-555-3806,Tampa,FL,33602,Residential,2023-08-11,Active,Growing,
CUST0122,Melissa,Harris,melissa.harris122@example.com,335-555-3822,Dallas,TX,75201,Residential,2018-10-20,Active,Loyal,
CUST0123,Matthew,Wright,matthew.wright123@example.com,460-555-5512,St. Petersburg,FL,33701,Residential,2018-08-31,Active,Loyal,
CUST0124,Donald,Lee,donald.lee124@example.com,747-555-3840,Columbus,OH,43215,Residential,2022-02-27,Active,High Value,
CUST0125,Emily,Davis,emily.davis125@example.com,254-555-7685,San Diego,CA,92101,Residential,2020-01-04,Active,High Value,
CUST0126,Jennifer,Nguyen,jennifer.nguyen126@example.com,595-555-7558,Los Angeles,CA,90012,Residential,2024-07-25,Suspended,At Risk,
CUST0127,Mark,Harris,mark.harris127@example.com,760-555-2589,San Diego,CA,92101,Residential,2021-11-26,Active,Growing,
CUST0128,Nicole,White,nicole.white128@example.com,539-555-7788,Charlotte,NC,28202,Residential,2022-01-26,Active,Growing,
CUST0129,Brian,Taylor,brian.taylor129@example.com,691-555-1552,Cincinnati,OH,45202,Residential,2019-10-19,Active,Loyal,
CUST0130,Kimberly,Davis,kimberly.davis130@example.com,568-555-4961,Charlotte,NC,28202,Residential,2022-04-10,Active,Growing,
CUST0131,Justin,Jackson,justin.jackson131@example.com,568-555-8772,San Diego,CA,92101,Enterprise,2019-07-22,Active,High Value,
CUST0132,Laura,Nguyen,laura.nguyen132@example.com,673-555-6386,Charlotte,NC,28202,Residential,2022-09-03,Active,Growing,
CUST0133,Sarah,Garcia,sarah.garcia133@example.com,403-555-2508,Cincinnati,OH,45202,Residential,2021-03-27,Active,Growing,
CUST0134,Ryan,Moore,ryan.moore134@example.com,615-555-4266,Orlando,FL,32801,Residential,2026-05-25,Active,New,
CUST0135,Steven,Smith,steven.smith135@example.com,706-555-6955,Arlington,TX,76010,Residential,2022-03-08,Active,Growing,
CUST0136,Susan,Jones,susan.jones136@example.com,886-555-9381,Tampa,FL,33602,Residential,2020-12-09,Active,Loyal,
CUST0137,Robert,Thomas,robert.thomas137@example.com,856-555-6257,Tampa,FL,33602,Residential,2020-03-15,Active,Loyal,
CUST0138,Stephanie,Walker,stephanie.walker138@example.com,815-555-6534,Orlando,FL,32801,Residential,2019-03-10,Active,Loyal,
CUST0139,John,Garcia,john.garcia139@example.com,391-555-9567,Austin,TX,78701,Small Business,2021-06-22,Active,Loyal,
CUST0140,Grace,Miller,grace.miller140@example.com,702-555-1715,Tampa,FL,33602,Residential,2025-01-08,Active,New,
CUST0141,Richard,Torres,richard.torres141@example.com,272-555-9125,San Antonio,TX,78205,Residential,2025-06-15,Active,New,
CUST0142,Matthew,Wright,matthew.wright142@example.com,529-555-4604,Charlotte,NC,28202,Residential,2020-04-29,Active,High Value,
CUST0143,Mark,Brown,mark.brown143@example.com,637-555-9773,Fort Worth,TX,76102,Residential,2026-05-08,Active,New,
CUST0144,Joseph,Robinson,joseph.robinson144@example.com,614-555-8197,San Antonio,TX,78205,Small Business,2021-12-20,Active,Growing,
CUST0145,Amanda,White,amanda.white145@example.com,207-555-6822,Arlington,TX,76010,Enterprise,2022-06-07,Active,High Value,
CUST0146,James,Sanchez,james.sanchez146@example.com,283-555-5428,Tampa,FL,33602,Residential,2021-12-31,Active,Growing,
CUST0147,Barbara,Thompson,barbara.thompson147@example.com,986-555-7480,Cincinnati,OH,45202,Residential,2022-01-22,Active,High Value,
CUST0148,David,Lopez,david.lopez148@example.com,566-555-9333,St. Petersburg,FL,33701,Enterprise,2018-10-11,Active,Loyal,
CUST0149,Grace,Anderson,grace.anderson149@example.com,406-555-7873,San Antonio,TX,78205,Residential,2025-12-21,Active,New,
CUST0150,Ashley,Brown,ashley.brown150@example.com,226-555-3506,San Diego,CA,92101,Residential,2025-12-27,Active,New,
CUST0151,Stephanie,Adams,stephanie.adams151@example.com,456-555-5831,St. Petersburg,FL,33701,Residential,2021-05-08,Active,Loyal,
CUST0152,Karen,Scott,karen.scott152@example.com,396-555-8234,Charlotte,NC,28202,Residential,2022-03-04,Active,High Value,
CUST0153,Emily,Martinez,emily.martinez153@example.com,794-555-4249,Dallas,TX,75201,Residential,2023-10-21,Active,Growing,
CUST0154,Grace,Brown,grace.brown154@example.com,555-555-4264,St. Petersburg,FL,33701,Residential,2025-12-02,Active,New,
CUST0155,Mary,Scott,mary.scott155@example.com,203-555-2473,St. Louis,MO,63101,Residential,2020-04-14,Active,Loyal,
CUST0156,Karen,Wilson,karen.wilson156@example.com,521-555-1626,Los Angeles,CA,90012,Residential,2022-10-28,Active,At Risk,
CUST0157,Michelle,Young,michelle.young157@example.com,291-555-6742,Orlando,FL,32801,Enterprise,2022-02-26,Active,High Value,
CUST0158,Anthony,Sanchez,anthony.sanchez158@example.com,313-555-6408,Charlotte,NC,28202,Residential,2022-10-04,Active,At Risk,
CUST0159,Sarah,Allen,sarah.allen159@example.com,697-555-4895,Fort Worth,TX,76102,Residential,2018-01-08,Active,Loyal,
CUST0160,Amy,Smith,amy.smith160@example.com,594-555-5501,Arlington,TX,76010,Residential,2019-03-06,Active,Loyal,
CUST0161,Olivia,Jackson,olivia.jackson161@example.com,600-555-5367,Cincinnati,OH,45202,Enterprise,2020-02-16,Active,High Value,
CUST0162,Olivia,Thomas,olivia.thomas162@example.com,254-555-1998,Charlotte,NC,28202,Residential,2022-05-03,Active,At Risk,
CUST0163,Daniel,Nguyen,daniel.nguyen163@example.com,477-555-8551,Columbus,OH,43215,Residential,2021-10-17,Active,Growing,
CUST0164,Anthony,King,anthony.king164@example.com,284-555-3237,Tampa,FL,33602,Residential,2021-01-17,Active,Growing,
CUST0165,Nicole,Davis,nicole.davis165@example.com,408-555-4435,Dallas,TX,75201,Residential,2023-09-07,Active,Growing,
CUST0166,Steven,Perez,steven.perez166@example.com,947-555-4594,Orlando,FL,32801,Residential,2022-10-14,Active,At Risk,
CUST0167,Joseph,Walker,joseph.walker167@example.com,928-555-8062,Dallas,TX,75201,Residential,2023-09-05,Active,At Risk,
CUST0168,Laura,Lee,laura.lee168@example.com,378-555-8314,Dallas,TX,75201,Residential,2025-11-03,Active,New,
CUST0169,John,Thomas,john.thomas169@example.com,648-555-2294,Los Angeles,CA,90012,Residential,2019-12-15,Active,Loyal,
CUST0170,Steven,Walker,steven.walker170@example.com,707-555-6143,Arlington,TX,76010,Residential,2019-07-01,Inactive,Loyal,
CUST0171,Amanda,Anderson,amanda.anderson171@example.com,875-555-8617,Dallas,TX,75201,Small Business,2018-12-07,Active,Loyal,
CUST0172,Joshua,Perez,joshua.perez172@example.com,685-555-1766,Orlando,FL,32801,Residential,2020-02-15,Active,Loyal,
CUST0173,Michael,Clark,michael.clark173@example.com,721-555-8611,Tampa,FL,33602,Residential,2025-12-07,Active,New,
CUST0174,Linda,Allen,linda.allen174@example.com,221-555-6550,St. Louis,MO,63101,Residential,2022-09-22,Active,Growing,
CUST0175,Stephanie,Anderson,stephanie.anderson175@example.com,575-555-7262,Fort Worth,TX,76102,Residential,2025-09-20,Active,New,
CUST0176,Barbara,Brown,barbara.brown176@example.com,977-555-1307,Arlington,TX,76010,Residential,2021-07-12,Active,Loyal,
CUST0177,Karen,Anderson,karen.anderson177@example.com,384-555-6328,Arlington,TX,76010,Residential,2019-07-05,Active,Loyal,
CUST0178,Sophia,Johnson,sophia.johnson178@example.com,500-555-4324,Cincinnati,OH,45202,Enterprise,2022-10-06,Active,High Value,
CUST0179,Melissa,Johnson,melissa.johnson179@example.com,338-555-1015,Dallas,TX,75201,Residential,2021-06-13,Active,Loyal,
CUST0180,Barbara,Lee,barbara.lee180@example.com,488-555-7439,Cincinnati,OH,45202,Residential,2023-01-06,Active,Growing,
CUST0181,Ashley,Young,ashley.young181@example.com,413-555-5512,San Diego,CA,92101,Small Business,2018-08-26,Active,High Value,
CUST0182,David,Lewis,david.lewis182@example.com,385-555-9204,Dallas,TX,75201,Residential,2022-10-01,Active,Growing,
CUST0183,Brandon,Johnson,brandon.johnson183@example.com,660-555-8682,Charlotte,NC,28202,Small Business,2021-06-05,Active,Growing,
CUST0184,Elizabeth,Thomas,elizabeth.thomas184@example.com,532-555-7068,Dallas,TX,75201,Residential,2021-06-22,Active,Growing,
CUST0185,David,Young,david.young185@example.com,315-555-5836,Fort Worth,TX,76102,Residential,2019-05-12,Active,High Value,
CUST0186,Olivia,Moore,olivia.moore186@example.com,822-555-1197,Austin,TX,78701,Enterprise,2020-05-02,Active,Loyal,
CUST0187,Sarah,Miller,sarah.miller187@example.com,204-555-5653,Raleigh,NC,27601,Residential,2022-07-18,Active,Growing,
CUST0188,Barbara,Johnson,barbara.johnson188@example.com,779-555-7582,Austin,TX,78701,Residential,2023-04-11,Active,Growing,
CUST0189,Andrew,Hill,andrew.hill189@example.com,487-555-9923,Austin,TX,78701,Residential,2026-04-23,Active,New,
CUST0190,Andrew,Brown,andrew.brown190@example.com,513-555-6704,Charlotte,NC,28202,Residential,2023-05-26,Active,Growing,
CUST0191,Nathan,Sanchez,nathan.sanchez191@example.com,666-555-8363,Charlotte,NC,28202,Small Business,2018-02-18,Active,Loyal,
CUST0192,Michael,Gonzalez,michael.gonzalez192@example.com,416-555-6044,Charlotte,NC,28202,Residential,2020-06-13,Active,Loyal,
CUST0193,Barbara,Nguyen,barbara.nguyen193@example.com,444-555-7783,Dallas,TX,75201,Small Business,2020-01-11,Active,Loyal,
CUST0194,Matthew,Scott,matthew.scott194@example.com,845-555-5232,Fort Worth,TX,76102,Small Business,2019-06-25,Active,Loyal,
CUST0195,Emily,Adams,emily.adams195@example.com,245-555-6445,Orlando,FL,32801,Residential,2024-09-22,Active,At Risk,
CUST0196,Olivia,Lee,olivia.lee196@example.com,977-555-8651,Charlotte,NC,28202,Enterprise,2019-07-17,Active,Loyal,
CUST0197,Michelle,Rodriguez,michelle.rodriguez197@example.com,359-555-5632,Arlington,TX,76010,Residential,2021-04-03,Active,Loyal,
CUST0198,Karen,Scott,karen.scott198@example.com,222-555-3299,St. Petersburg,FL,33701,Residential,2023-01-25,Active,Growing,
CUST0199,Kimberly,Wright,kimberly.wright199@example.com,581-555-2303,Austin,TX,78701,Residential,2026-03-27,Active,New,
CUST0200,Olivia,Clark,olivia.clark200@example.com,461-555-3514,Fort Worth,TX,76102,Small Business,2022-03-21,Active,Growing,
CUST0201,Michelle,Jackson,michelle.jackson201@example.com,666-555-9413,Arlington,TX,76010,Enterprise,2022-12-17,Active,Growing,
CUST0202,Justin,Adams,justin.adams202@example.com,658-555-8026,Tampa,FL,33602,Residential,2019-06-04,Active,High Value,
CUST0203,Nicole,Brown,nicole.brown203@example.com,927-555-2897,Arlington,TX,76010,Small Business,2025-05-07,Active,New,
CUST0204,Mark,Perez,mark.perez204@example.com,932-555-5586,Arlington,TX,76010,Residential,2024-10-05,Active,At Risk,
CUST0205,Kevin,Davis,kevin.davis205@example.com,550-555-8364,Columbus,OH,43215,Residential,2023-07-04,Active,Growing,
CUST0206,Patricia,Johnson,patricia.johnson206@example.com,501-555-4509,Charlotte,NC,28202,Small Business,2024-10-24,Active,At Risk,
CUST0207,Richard,Martin,richard.martin207@example.com,938-555-6265,Cincinnati,OH,45202,Residential,2023-09-02,Active,At Risk,
CUST0208,Robert,Scott,robert.scott208@example.com,759-555-2122,Orlando,FL,32801,Residential,2020-02-02,Active,Loyal,
CUST0209,Barbara,Gonzalez,barbara.gonzalez209@example.com,937-555-8235,Los Angeles,CA,90012,Residential,2019-06-12,Active,Loyal,
CUST0210,Ryan,Thompson,ryan.thompson210@example.com,810-555-3298,Tampa,FL,33602,Residential,2021-04-02,Active,Growing,
CUST0211,Michael,Harris,michael.harris211@example.com,325-555-2505,Raleigh,NC,27601,Enterprise,2020-05-17,Active,High Value,
CUST0212,Emily,Thompson,emily.thompson212@example.com,954-555-4117,Dallas,TX,75201,Residential,2019-06-29,Active,Loyal,
CUST0213,Michael,Moore,michael.moore213@example.com,213-555-3899,Tampa,FL,33602,Residential,2023-07-11,Active,Growing,
CUST0214,David,Brown,david.brown214@example.com,611-555-9913,Austin,TX,78701,Residential,2025-03-24,Inactive,At Risk,
CUST0215,Donald,Lopez,donald.lopez215@example.com,721-555-1105,St. Louis,MO,63101,Small Business,2026-03-21,Active,New,
CUST0216,Elizabeth,Scott,elizabeth.scott216@example.com,977-555-1804,Los Angeles,CA,90012,Residential,2025-11-06,Active,New,
CUST0217,William,Scott,william.scott217@example.com,559-555-7653,Tampa,FL,33602,Residential,2023-03-15,Active,Growing,
CUST0218,Laura,Taylor,laura.taylor218@example.com,589-555-8614,Tampa,FL,33602,Enterprise,2019-07-02,Inactive,Loyal,
CUST0219,Richard,Garcia,richard.garcia219@example.com,907-555-3271,Cincinnati,OH,45202,Residential,2018-03-02,Active,Loyal,
CUST0220,Daniel,Wilson,daniel.wilson220@example.com,621-555-4510,Cincinnati,OH,45202,Small Business,2024-08-31,Suspended,At Risk,
CUST0221,Kimberly,Williams,kimberly.williams221@example.com,435-555-9585,Arlington,TX,76010,Residential,2025-07-24,Active,New,
CUST0222,Michelle,Wright,michelle.wright222@example.com,255-555-3422,St. Louis,MO,63101,Residential,2023-09-22,Active,At Risk,
CUST0223,Justin,Allen,justin.allen223@example.com,446-555-3124,Austin,TX,78701,Residential,2025-08-15,Active,New,
CUST0224,Michael,Wright,michael.wright224@example.com,407-555-3935,Tampa,FL,33602,Residential,2024-10-08,Suspended,At Risk,
CUST0225,Anthony,Robinson,anthony.robinson225@example.com,990-555-3559,Los Angeles,CA,90012,Residential,2026-06-04,Active,New,
CUST0226,Andrew,Harris,andrew.harris226@example.com,815-555-4983,Los Angeles,CA,90012,Residential,2018-05-17,Active,High Value,
CUST0227,Nathan,Sanchez,nathan.sanchez227@example.com,942-555-3603,Dallas,TX,75201,Residential,2025-11-28,Active,New,
CUST0228,Robert,Johnson,robert.johnson228@example.com,654-555-2979,Orlando,FL,32801,Residential,2024-11-10,Active,At Risk,
CUST0229,Michelle,Moore,michelle.moore229@example.com,599-555-2237,Dallas,TX,75201,Residential,2018-10-17,Active,Loyal,
CUST0230,Patricia,Anderson,patricia.anderson230@example.com,911-555-9959,Los Angeles,CA,90012,Residential,2025-04-11,Active,At Risk,
CUST0231,William,Anderson,william.anderson231@example.com,838-555-6045,Arlington,TX,76010,Residential,2020-03-26,Active,High Value,
CUST0232,James,Rodriguez,james.rodriguez232@example.com,664-555-8489,Raleigh,NC,27601,Small Business,2018-01-06,Active,Loyal,
CUST0233,Barbara,Ramirez,barbara.ramirez233@example.com,948-555-6772,Arlington,TX,76010,Residential,2025-08-06,Active,New,
CUST0234,Kevin,Garcia,kevin.garcia234@example.com,985-555-3352,Charlotte,NC,28202,Residential,2021-10-26,Active,Growing,
CUST0235,Anthony,Young,anthony.young235@example.com,326-555-1231,Orlando,FL,32801,Small Business,2026-01-27,Active,New,
CUST0236,Jessica,King,jessica.king236@example.com,888-555-9224,Fort Worth,TX,76102,Residential,2022-12-27,Active,Growing,
CUST0237,Robert,Moore,robert.moore237@example.com,921-555-5072,Orlando,FL,32801,Residential,2024-06-19,Active,At Risk,
CUST0238,Elizabeth,Perez,elizabeth.perez238@example.com,219-555-9292,Charlotte,NC,28202,Residential,2021-07-06,Active,Loyal,
CUST0239,Michael,Johnson,michael.johnson239@example.com,773-555-1397,Fort Worth,TX,76102,Enterprise,2022-05-27,Active,At Risk,
CUST0240,Brandon,Ramirez,brandon.ramirez240@example.com,974-555-6319,Charlotte,NC,28202,Residential,2026-05-25,Active,New,
CUST0241,Patricia,Harris,patricia.harris241@example.com,391-555-2179,Los Angeles,CA,90012,Enterprise,2023-07-29,Active,Growing,
CUST0242,Brian,Harris,brian.harris242@example.com,742-555-2485,Tampa,FL,33602,Residential,2022-05-19,Active,Growing,
CUST0243,Patricia,Garcia,patricia.garcia243@example.com,748-555-8569,Cincinnati,OH,45202,Residential,2020-01-14,Active,Loyal,
CUST0244,James,Davis,james.davis244@example.com,668-555-4300,Tampa,FL,33602,Residential,2025-11-30,Active,New,
CUST0245,Karen,King,karen.king245@example.com,656-555-1674,Orlando,FL,32801,Residential,2026-01-31,Active,New,
CUST0246,Paul,Robinson,paul.robinson246@example.com,977-555-1793,Columbus,OH,43215,Residential,2021-02-22,Active,Loyal,
CUST0247,Melissa,Taylor,melissa.taylor247@example.com,986-555-5053,Austin,TX,78701,Residential,2026-01-17,Active,New,
CUST0248,Donald,Taylor,donald.taylor248@example.com,671-555-3316,Los Angeles,CA,90012,Residential,2025-10-11,Active,New,
CUST0249,Jennifer,Anderson,jennifer.anderson249@example.com,745-555-1326,Raleigh,NC,27601,Residential,2022-01-20,Active,Growing,
CUST0250,Linda,King,linda.king250@example.com,518-555-8354,Cincinnati,OH,45202,Residential,2018-06-08,Active,High Value,
CUST0251,Charles,Nguyen,charles.nguyen251@example.com,569-555-8662,Arlington,TX,76010,Small Business,2022-07-16,Active,At Risk,
CUST0252,Jennifer,Miller,jennifer.miller252@example.com,745-555-3526,San Antonio,TX,78205,Residential,2023-01-05,Active,At Risk,
CUST0253,Kimberly,Jones,kimberly.jones253@example.com,241-555-5553,San Antonio,TX,78205,Small Business,2021-04-30,Active,Loyal,
CUST0254,Olivia,Martinez,olivia.martinez254@example.com,288-555-4473,Dallas,TX,75201,Residential,2025-06-28,Active,New,
CUST0255,Karen,Jackson,karen.jackson255@example.com,814-555-5845,Tampa,FL,33602,Residential,2020-10-20,Active,Loyal,
CUST0256,Nicole,Nguyen,nicole.nguyen256@example.com,679-555-6684,Orlando,FL,32801,Residential,2023-09-30,Active,Growing,
CUST0257,Hannah,Adams,hannah.adams257@example.com,716-555-7369,Dallas,TX,75201,Small Business,2025-04-30,Active,At Risk,
CUST0258,Richard,White,richard.white258@example.com,613-555-4128,Charlotte,NC,28202,Residential,2019-07-19,Inactive,Loyal,
CUST0259,Amanda,Lee,amanda.lee259@example.com,661-555-5709,San Diego,CA,92101,Residential,2025-03-29,Active,New,
CUST0260,Sophia,Thompson,sophia.thompson260@example.com,995-555-6522,Cincinnati,OH,45202,Residential,2020-09-04,Active,Loyal,
CUST0261,Jennifer,Wilson,jennifer.wilson261@example.com,746-555-4092,Columbus,OH,43215,Residential,2023-01-18,Active,Growing,
CUST0262,Sophia,Brown,sophia.brown262@example.com,210-555-7887,Tampa,FL,33602,Residential,2022-10-05,Active,Growing,
CUST0263,Amy,Scott,amy.scott263@example.com,907-555-2107,Orlando,FL,32801,Residential,2025-04-07,Active,New,
CUST0264,Laura,Torres,laura.torres264@example.com,672-555-2167,Dallas,TX,75201,Enterprise,2025-06-09,Active,At Risk,
CUST0265,David,Johnson,david.johnson265@example.com,990-555-2965,Charlotte,NC,28202,Residential,2025-06-15,Active,New,
CUST0266,Susan,Brown,susan.brown266@example.com,632-555-5167,St. Petersburg,FL,33701,Small Business,2025-09-28,Active,New,
CUST0267,Donald,Williams,donald.williams267@example.com,822-555-7402,Orlando,FL,32801,Residential,2023-09-18,Active,At Risk,
CUST0268,Jessica,Nguyen,jessica.nguyen268@example.com,444-555-3357,Cincinnati,OH,45202,Small Business,2025-03-15,Active,New,
CUST0269,Brian,Martinez,brian.martinez269@example.com,651-555-9817,Columbus,OH,43215,Small Business,2018-11-05,Active,Loyal,
CUST0270,Mary,Walker,mary.walker270@example.com,228-555-5849,St. Petersburg,FL,33701,Residential,2018-06-15,Active,Loyal,
CUST0271,Rebecca,Davis,rebecca.davis271@example.com,891-555-6502,Charlotte,NC,28202,Residential,2020-07-22,Active,Loyal,
CUST0272,Kimberly,Ramirez,kimberly.ramirez272@example.com,861-555-6133,Arlington,TX,76010,Residential,2022-01-20,Active,At Risk,
CUST0273,Ryan,Scott,ryan.scott273@example.com,862-555-8280,St. Petersburg,FL,33701,Residential,2018-11-21,Active,Loyal,
CUST0274,Karen,Nguyen,karen.nguyen274@example.com,722-555-8666,San Antonio,TX,78205,Residential,2022-07-15,Active,Growing,
CUST0275,Daniel,Moore,daniel.moore275@example.com,346-555-3907,Raleigh,NC,27601,Small Business,2018-02-03,Active,Loyal,
CUST0276,Elizabeth,Jackson,elizabeth.jackson276@example.com,342-555-5864,Austin,TX,78701,Residential,2025-02-13,Active,New,
CUST0277,Ashley,Scott,ashley.scott277@example.com,673-555-8725,St. Louis,MO,63101,Residential,2018-02-25,Active,Loyal,
CUST0278,Steven,Lopez,steven.lopez278@example.com,287-555-8116,Dallas,TX,75201,Enterprise,2025-06-24,Active,New,
CUST0279,Paul,King,paul.king279@example.com,446-555-6222,Raleigh,NC,27601,Enterprise,2018-03-17,Active,High Value,
CUST0280,Melissa,Thomas,melissa.thomas280@example.com,911-555-8863,Arlington,TX,76010,Small Business,2025-10-15,Active,New,
CUST0281,Grace,Rodriguez,grace.rodriguez281@example.com,318-555-3445,Dallas,TX,75201,Enterprise,2018-12-07,Active,High Value,
CUST0282,Melissa,White,melissa.white282@example.com,625-555-5698,Los Angeles,CA,90012,Small Business,2020-07-18,Active,High Value,
CUST0283,Matthew,Taylor,matthew.taylor283@example.com,420-555-1267,Cincinnati,OH,45202,Residential,2020-08-20,Active,Loyal,
CUST0284,Nathan,Moore,nathan.moore284@example.com,262-555-8507,Cincinnati,OH,45202,Residential,2019-12-08,Active,Loyal,
CUST0285,William,Lopez,william.lopez285@example.com,425-555-4405,Los Angeles,CA,90012,Residential,2021-07-04,Active,Loyal,
CUST0286,James,Wilson,james.wilson286@example.com,224-555-5120,Columbus,OH,43215,Small Business,2021-06-18,Active,Growing,
CUST0287,Kimberly,Scott,kimberly.scott287@example.com,434-555-2844,Fort Worth,TX,76102,Residential,2019-05-25,Active,Loyal,
CUST0288,James,White,james.white288@example.com,407-555-6662,San Antonio,TX,78205,Residential,2021-01-20,Active,Growing,
CUST0289,Linda,Jackson,linda.jackson289@example.com,273-555-1464,Charlotte,NC,28202,Residential,2022-05-05,Active,Growing,
CUST0290,Sophia,Martinez,sophia.martinez290@example.com,341-555-7543,Austin,TX,78701,Enterprise,2021-08-03,Active,Growing,
CUST0291,Barbara,Miller,barbara.miller291@example.com,937-555-2292,Raleigh,NC,27601,Residential,2021-02-09,Active,Growing,
CUST0292,Patricia,Thomas,patricia.thomas292@example.com,923-555-3621,Charlotte,NC,28202,Small Business,2020-03-30,Active,High Value,
CUST0293,Jessica,Gonzalez,jessica.gonzalez293@example.com,274-555-1158,Tampa,FL,33602,Residential,2025-03-09,Active,New,
CUST0294,Karen,Rodriguez,karen.rodriguez294@example.com,971-555-3613,Dallas,TX,75201,Residential,2018-01-10,Active,High Value,
CUST0295,Kimberly,Allen,kimberly.allen295@example.com,460-555-7203,Tampa,FL,33602,Residential,2019-09-17,Active,Loyal,
CUST0296,Rebecca,Nguyen,rebecca.nguyen296@example.com,619-555-9844,Charlotte,NC,28202,Residential,2018-02-26,Active,Loyal,
CUST0297,Joseph,Davis,joseph.davis297@example.com,856-555-8454,Tampa,FL,33602,Residential,2024-08-21,Active,At Risk,
CUST0298,Ryan,Hill,ryan.hill298@example.com,901-555-2100,St. Louis,MO,63101,Residential,2023-11-13,Active,Growing,
CUST0299,Michael,Davis,michael.davis299@example.com,509-555-9755,Dallas,TX,75201,Residential,2022-01-26,Active,Growing,
CUST0300,Anthony,Martinez,anthony.martinez300@example.com,498-555-7556,Dallas,TX,75201,Residential,2019-09-19,Active,Loyal,
CUST0301,Karen,Hernandez,karen.hernandez301@example.com,302-555-3836,St. Louis,MO,63101,Residential,2021-07-16,Inactive,Loyal,
CUST0302,Linda,Jones,linda.jones302@example.com,210-555-3914,Charlotte,NC,28202,Residential,2018-07-13,Active,Loyal,
CUST0303,Brian,Lewis,brian.lewis303@example.com,432-555-5290,Tampa,FL,33602,Residential,2025-05-05,Active,New,
CUST0304,David,Nguyen,david.nguyen304@example.com,654-555-2003,Dallas,TX,75201,Residential,2022-10-27,Active,At Risk,
CUST0305,Sarah,Smith,sarah.smith305@example.com,234-555-3005,Los Angeles,CA,90012,Residential,2020-06-20,Active,Loyal,
CUST0306,Patricia,Young,patricia.young306@example.com,278-555-9139,Dallas,TX,75201,Enterprise,2018-11-18,Active,High Value,
CUST0307,Robert,Allen,robert.allen307@example.com,793-555-9670,Tampa,FL,33602,Small Business,2019-06-26,Active,Loyal,
CUST0308,Mark,Lewis,mark.lewis308@example.com,617-555-7884,San Diego,CA,92101,Small Business,2020-12-23,Active,Loyal,
CUST0309,Olivia,Lee,olivia.lee309@example.com,416-555-1042,San Antonio,TX,78205,Residential,2024-05-01,Inactive,At Risk,
CUST0310,Michelle,King,michelle.king310@example.com,759-555-9518,Raleigh,NC,27601,Residential,2023-11-22,Active,Growing,
CUST0311,Michael,Lewis,michael.lewis311@example.com,821-555-3476,Dallas,TX,75201,Residential,2020-02-23,Active,Loyal,
CUST0312,Paul,Harris,paul.harris312@example.com,359-555-6558,Raleigh,NC,27601,Small Business,2025-08-08,Active,New,
CUST0313,Matthew,Miller,matthew.miller313@example.com,499-555-1672,St. Petersburg,FL,33701,Small Business,2021-10-15,Active,High Value,
CUST0314,Barbara,Taylor,barbara.taylor314@example.com,842-555-4735,Charlotte,NC,28202,Small Business,2020-07-10,Active,Loyal,
CUST0315,David,Torres,david.torres315@example.com,276-555-2183,Arlington,TX,76010,Residential,2022-12-19,Active,At Risk,
CUST0316,Steven,Martinez,steven.martinez316@example.com,805-555-1398,Dallas,TX,75201,Residential,2025-07-12,Active,New,
CUST0317,Joshua,Young,joshua.young317@example.com,711-555-9145,Raleigh,NC,27601,Small Business,2020-11-09,Active,Loyal,
CUST0318,Steven,Perez,steven.perez318@example.com,427-555-6029,Arlington,TX,76010,Enterprise,2020-08-04,Active,Loyal,
CUST0319,Kevin,Sanchez,kevin.sanchez319@example.com,599-555-2173,Fort Worth,TX,76102,Small Business,2021-04-01,Active,Growing,
CUST0320,Amanda,Wright,amanda.wright320@example.com,263-555-5109,Los Angeles,CA,90012,Residential,2024-08-10,Active,At Risk,
CUST0321,Jessica,Thomas,jessica.thomas321@example.com,849-555-5632,Fort Worth,TX,76102,Residential,2023-05-29,Active,At Risk,
CUST0322,Sophia,Wright,sophia.wright322@example.com,530-555-4827,Tampa,FL,33602,Residential,2023-10-12,Active,Growing,
CUST0323,Jessica,Taylor,jessica.taylor323@example.com,690-555-1775,Fort Worth,TX,76102,Residential,2019-10-06,Active,Loyal,
CUST0324,Steven,Sanchez,steven.sanchez324@example.com,253-555-3898,St. Louis,MO,63101,Small Business,2019-10-10,Active,Loyal,
CUST0325,Daniel,Lewis,daniel.lewis325@example.com,390-555-6037,Raleigh,NC,27601,Small Business,2020-09-26,Active,High Value,
CUST0326,Amy,Wilson,amy.wilson326@example.com,602-555-3667,Raleigh,NC,27601,Residential,2022-03-30,Active,High Value,
CUST0327,Richard,Jones,richard.jones327@example.com,923-555-9345,Tampa,FL,33602,Enterprise,2022-07-10,Active,Growing,
CUST0328,Grace,Taylor,grace.taylor328@example.com,362-555-7402,Tampa,FL,33602,Enterprise,2020-04-01,Active,Loyal,
CUST0329,Mary,Lee,mary.lee329@example.com,505-555-2631,Dallas,TX,75201,Residential,2023-05-04,Active,At Risk,
CUST0330,Kevin,Torres,kevin.torres330@example.com,360-555-5190,Arlington,TX,76010,Residential,2020-10-24,Active,Loyal,
CUST0331,Grace,Anderson,grace.anderson331@example.com,952-555-4322,Dallas,TX,75201,Residential,2021-11-30,Active,High Value,
CUST0332,Richard,Garcia,richard.garcia332@example.com,976-555-6705,Charlotte,NC,28202,Residential,2023-09-20,Active,Growing,
CUST0333,Elizabeth,Robinson,elizabeth.robinson333@example.com,251-555-2835,Austin,TX,78701,Residential,2022-11-26,Active,Growing,
CUST0334,Matthew,White,matthew.white334@example.com,668-555-7674,Fort Worth,TX,76102,Residential,2018-07-13,Active,Loyal,
CUST0335,Jessica,Brown,jessica.brown335@example.com,254-555-5150,Tampa,FL,33602,Residential,2022-02-20,Active,At Risk,
CUST0336,Grace,Hill,grace.hill336@example.com,693-555-2422,Charlotte,NC,28202,Residential,2022-07-09,Active,High Value,
CUST0337,Karen,Garcia,karen.garcia337@example.com,450-555-6539,Charlotte,NC,28202,Residential,2023-05-15,Suspended,At Risk,
CUST0338,Hannah,Anderson,hannah.anderson338@example.com,903-555-7570,Dallas,TX,75201,Residential,2024-10-30,Active,At Risk,
CUST0339,Kimberly,Young,kimberly.young339@example.com,864-555-2419,St. Louis,MO,63101,Residential,2018-08-17,Active,Loyal,
CUST0340,Sarah,Jones,sarah.jones340@example.com,500-555-7388,Los Angeles,CA,90012,Enterprise,2018-06-07,Active,High Value,
CUST0341,Robert,Scott,robert.scott341@example.com,532-555-1359,Fort Worth,TX,76102,Residential,2023-01-31,Active,At Risk,
CUST0342,Anthony,Thomas,anthony.thomas342@example.com,730-555-6221,San Diego,CA,92101,Residential,2023-11-15,Active,Growing,
CUST0343,Nicole,King,nicole.king343@example.com,794-555-7759,St. Petersburg,FL,33701,Residential,2023-11-14,Active,Growing,
CUST0344,Brian,Rodriguez,brian.rodriguez344@example.com,842-555-6588,Fort Worth,TX,76102,Residential,2020-01-17,Active,Loyal,
CUST0345,Karen,Nguyen,karen.nguyen345@example.com,507-555-4906,Arlington,TX,76010,Residential,2021-07-29,Active,Growing,
CUST0346,Matthew,Anderson,matthew.anderson346@example.com,436-555-9289,Raleigh,NC,27601,Residential,2022-09-05,Inactive,At Risk,
CUST0347,Matthew,Hernandez,matthew.hernandez347@example.com,624-555-5934,Austin,TX,78701,Residential,2021-05-11,Active,High Value,
CUST0348,Elizabeth,Clark,elizabeth.clark348@example.com,367-555-5486,Charlotte,NC,28202,Residential,2021-02-11,Active,Growing,
CUST0349,Paul,Lee,paul.lee349@example.com,470-555-6604,Orlando,FL,32801,Residential,2023-04-06,Active,Growing,
CUST0350,Paul,Young,paul.young350@example.com,613-555-8334,San Antonio,TX,78205,Residential,2019-09-25,Active,Loyal,
CUST0351,Andrew,Davis,andrew.davis351@example.com,890-555-7732,Cincinnati,OH,45202,Residential,2025-06-22,Active,New,
CUST0352,Michael,Jones,michael.jones352@example.com,611-555-4141,Columbus,OH,43215,Residential,2025-11-26,Active,New,
CUST0353,Joshua,Adams,joshua.adams353@example.com,378-555-1920,Arlington,TX,76010,Small Business,2022-07-08,Active,Growing,
CUST0354,Sophia,Scott,sophia.scott354@example.com,845-555-2597,St. Louis,MO,63101,Residential,2025-11-07,Active,New,
CUST0355,Karen,Nguyen,karen.nguyen355@example.com,719-555-8266,San Antonio,TX,78205,Residential,2026-03-13,Active,New,
CUST0356,Charles,Martin,charles.martin356@example.com,550-555-9062,St. Louis,MO,63101,Residential,2020-06-04,Active,Loyal,
CUST0357,Kevin,Hill,kevin.hill357@example.com,860-555-6065,St. Louis,MO,63101,Residential,2018-03-20,Active,Loyal,
CUST0358,Sophia,Lewis,sophia.lewis358@example.com,299-555-1480,Dallas,TX,75201,Residential,2019-02-05,Inactive,Loyal,
CUST0359,Richard,Martinez,richard.martinez359@example.com,390-555-5353,Dallas,TX,75201,Residential,2018-10-24,Active,Loyal,
CUST0360,Grace,Brown,grace.brown360@example.com,561-555-2035,Raleigh,NC,27601,Residential,2018-01-07,Active,Loyal,
CUST0361,Paul,Williams,paul.williams361@example.com,500-555-3291,Tampa,FL,33602,Residential,2025-03-05,Active,New,
CUST0362,Steven,Nguyen,steven.nguyen362@example.com,659-555-8358,San Diego,CA,92101,Residential,2021-03-27,Active,Growing,
CUST0363,Michelle,Gonzalez,michelle.gonzalez363@example.com,461-555-9589,Arlington,TX,76010,Residential,2022-10-30,Suspended,At Risk,
CUST0364,Daniel,White,daniel.white364@example.com,759-555-3918,Austin,TX,78701,Residential,2021-02-08,Active,Loyal,
CUST0365,Barbara,White,barbara.white365@example.com,394-555-5924,Raleigh,NC,27601,Residential,2023-02-22,Active,Growing,
CUST0366,Joseph,Scott,joseph.scott366@example.com,940-555-9320,San Antonio,TX,78205,Residential,2018-05-23,Active,Loyal,
CUST0367,James,Garcia,james.garcia367@example.com,235-555-1071,Columbus,OH,43215,Residential,2021-06-18,Active,Growing,
CUST0368,Robert,Ramirez,robert.ramirez368@example.com,749-555-4188,Dallas,TX,75201,Residential,2023-08-04,Active,At Risk,
CUST0369,Ashley,Lewis,ashley.lewis369@example.com,223-555-3435,San Diego,CA,92101,Residential,2025-05-10,Active,New,
CUST0370,Andrew,Brown,andrew.brown370@example.com,231-555-8462,Raleigh,NC,27601,Enterprise,2025-04-24,Active,At Risk,
CUST0371,Grace,Ramirez,grace.ramirez371@example.com,585-555-4014,Orlando,FL,32801,Residential,2018-01-31,Active,Loyal,
CUST0372,William,Perez,william.perez372@example.com,884-555-3234,Fort Worth,TX,76102,Residential,2025-10-30,Active,New,
CUST0373,Emily,Perez,emily.perez373@example.com,670-555-5667,Los Angeles,CA,90012,Residential,2019-06-04,Active,Loyal,
CUST0374,Brian,Thompson,brian.thompson374@example.com,544-555-4800,Orlando,FL,32801,Residential,2019-11-08,Inactive,Loyal,
CUST0375,Nathan,Thompson,nathan.thompson375@example.com,506-555-6258,Los Angeles,CA,90012,Small Business,2025-07-09,Active,New,
CUST0376,Kimberly,Williams,kimberly.williams376@example.com,431-555-8930,Orlando,FL,32801,Residential,2020-05-07,Active,Loyal,
CUST0377,Michelle,Walker,michelle.walker377@example.com,994-555-2201,Charlotte,NC,28202,Residential,2026-01-11,Active,New,
CUST0378,Joshua,Smith,joshua.smith378@example.com,980-555-7355,Tampa,FL,33602,Residential,2022-04-24,Active,High Value,
CUST0379,Hannah,Thomas,hannah.thomas379@example.com,572-555-7597,Charlotte,NC,28202,Residential,2025-04-07,Active,At Risk,
CUST0380,Rebecca,Rodriguez,rebecca.rodriguez380@example.com,533-555-7890,Cincinnati,OH,45202,Residential,2018-09-30,Active,Loyal,
CUST0381,Brandon,Allen,brandon.allen381@example.com,837-555-4808,Los Angeles,CA,90012,Residential,2023-11-17,Active,Growing,
CUST0382,Barbara,Smith,barbara.smith382@example.com,238-555-8140,Cincinnati,OH,45202,Small Business,2020-12-20,Active,Loyal,
CUST0383,Daniel,Williams,daniel.williams383@example.com,823-555-4417,Arlington,TX,76010,Residential,2019-03-18,Active,Loyal,
CUST0384,Linda,King,linda.king384@example.com,725-555-3963,Charlotte,NC,28202,Residential,2019-08-25,Active,Loyal,
CUST0385,Joshua,King,joshua.king385@example.com,867-555-3302,San Diego,CA,92101,Residential,2020-08-28,Active,Loyal,
CUST0386,Karen,Davis,karen.davis386@example.com,356-555-2932,Dallas,TX,75201,Residential,2025-07-26,Active,New,
CUST0387,Charles,King,charles.king387@example.com,204-555-7588,Orlando,FL,32801,Residential,2022-10-28,Active,Growing,
CUST0388,Charles,Sanchez,charles.sanchez388@example.com,333-555-7951,Tampa,FL,33602,Residential,2023-12-31,Suspended,At Risk,
CUST0389,Daniel,Johnson,daniel.johnson389@example.com,301-555-2319,Los Angeles,CA,90012,Residential,2025-07-18,Active,New,
CUST0390,Elizabeth,Thomas,elizabeth.thomas390@example.com,891-555-1181,Dallas,TX,75201,Residential,2023-03-26,Active,At Risk,
CUST0391,Hannah,Torres,hannah.torres391@example.com,937-555-5641,Raleigh,NC,27601,Residential,2018-02-17,Active,Loyal,
CUST0392,Laura,Harris,laura.harris392@example.com,672-555-4733,San Antonio,TX,78205,Small Business,2024-12-09,Active,At Risk,
CUST0393,Laura,Williams,laura.williams393@example.com,435-555-9433,Raleigh,NC,27601,Residential,2023-12-30,Active,Growing,
CUST0394,Linda,Anderson,linda.anderson394@example.com,478-555-2338,St. Louis,MO,63101,Enterprise,2022-08-30,Active,High Value,
CUST0395,Hannah,Harris,hannah.harris395@example.com,423-555-9751,Fort Worth,TX,76102,Residential,2020-05-25,Active,High Value,
CUST0396,Rebecca,Lee,rebecca.lee396@example.com,300-555-3940,Raleigh,NC,27601,Residential,2026-04-20,Active,New,
CUST0397,Michael,Harris,michael.harris397@example.com,546-555-4256,Raleigh,NC,27601,Residential,2018-08-25,Active,High Value,
CUST0398,Kevin,Harris,kevin.harris398@example.com,896-555-5873,Fort Worth,TX,76102,Enterprise,2021-06-23,Active,Growing,
CUST0399,Susan,Robinson,susan.robinson399@example.com,776-555-2227,San Antonio,TX,78205,Small Business,2022-06-12,Active,Growing,
CUST0400,Robert,Jackson,robert.jackson400@example.com,325-555-1092,Columbus,OH,43215,Residential,2025-03-21,Active,New,
CUST0401,Emily,Adams,emily.adams401@example.com,526-555-8599,Los Angeles,CA,90012,Residential,2018-07-10,Active,Loyal,
CUST0402,Emily,Scott,emily.scott402@example.com,675-555-3993,Austin,TX,78701,Residential,2025-08-07,Active,New,
CUST0403,John,Garcia,john.garcia403@example.com,730-555-7599,Fort Worth,TX,76102,Residential,2020-05-28,Active,Loyal,
CUST0404,Paul,Adams,paul.adams404@example.com,957-555-8970,Fort Worth,TX,76102,Residential,2021-01-15,Active,Growing,
CUST0405,Jessica,Hill,jessica.hill405@example.com,287-555-1717,San Diego,CA,92101,Residential,2021-06-19,Active,Loyal,
CUST0406,Grace,Hernandez,grace.hernandez406@example.com,548-555-8635,Cincinnati,OH,45202,Small Business,2022-01-10,Active,High Value,
CUST0407,Ashley,Gonzalez,ashley.gonzalez407@example.com,363-555-8833,Arlington,TX,76010,Residential,2022-04-03,Active,Growing,
CUST0408,Daniel,Lewis,daniel.lewis408@example.com,364-555-4587,Dallas,TX,75201,Residential,2021-05-07,Active,High Value,
CUST0409,Steven,Robinson,steven.robinson409@example.com,362-555-1576,St. Petersburg,FL,33701,Residential,2021-01-08,Active,Growing,
CUST0410,Joseph,Sanchez,joseph.sanchez410@example.com,891-555-7400,Dallas,TX,75201,Residential,2018-12-22,Active,Loyal,
CUST0411,Nicole,Wilson,nicole.wilson411@example.com,212-555-5702,Dallas,TX,75201,Residential,2026-02-09,Active,New,
CUST0412,Barbara,Perez,barbara.perez412@example.com,574-555-3187,Fort Worth,TX,76102,Small Business,2018-02-08,Inactive,Loyal,
CUST0413,Justin,Moore,justin.moore413@example.com,696-555-3362,St. Petersburg,FL,33701,Residential,2018-02-21,Active,Loyal,
CUST0414,Amy,Garcia,amy.garcia414@example.com,884-555-1552,Raleigh,NC,27601,Residential,2018-12-31,Active,Loyal,
CUST0415,Michael,Moore,michael.moore415@example.com,889-555-2796,Columbus,OH,43215,Enterprise,2021-12-25,Active,High Value,
CUST0416,Joseph,Robinson,joseph.robinson416@example.com,201-555-7074,San Diego,CA,92101,Residential,2022-08-22,Active,High Value,
CUST0417,Matthew,Sanchez,matthew.sanchez417@example.com,946-555-5229,Los Angeles,CA,90012,Residential,2018-03-10,Active,Loyal,
CUST0418,Charles,Garcia,charles.garcia418@example.com,959-555-1660,Columbus,OH,43215,Residential,2025-12-10,Active,New,
CUST0419,Elizabeth,Young,elizabeth.young419@example.com,493-555-5424,St. Petersburg,FL,33701,Residential,2019-02-03,Active,Loyal,
CUST0420,John,Jackson,john.jackson420@example.com,422-555-8092,Cincinnati,OH,45202,Residential,2018-10-30,Active,High Value,
CUST0421,Amy,Hernandez,amy.hernandez421@example.com,796-555-1987,Arlington,TX,76010,Residential,2023-12-28,Active,Growing,
CUST0422,Linda,Adams,linda.adams422@example.com,345-555-5988,Columbus,OH,43215,Small Business,2018-03-30,Active,Loyal,
CUST0423,Michelle,Moore,michelle.moore423@example.com,926-555-8761,Austin,TX,78701,Residential,2023-06-05,Active,At Risk,
CUST0424,Ashley,Rodriguez,ashley.rodriguez424@example.com,463-555-1808,St. Petersburg,FL,33701,Residential,2026-02-16,Active,New,
CUST0425,Sarah,Wilson,sarah.wilson425@example.com,667-555-4355,Columbus,OH,43215,Residential,2022-10-06,Active,Growing,
CUST0426,Daniel,Gonzalez,daniel.gonzalez426@example.com,246-555-3246,Arlington,TX,76010,Residential,2021-07-29,Active,Growing,
CUST0427,Nathan,Martinez,nathan.martinez427@example.com,296-555-3689,Orlando,FL,32801,Enterprise,2018-11-05,Active,Loyal,
CUST0428,Mark,Lee,mark.lee428@example.com,239-555-2543,Arlington,TX,76010,Residential,2019-03-21,Active,Loyal,
CUST0429,Richard,Martinez,richard.martinez429@example.com,904-555-4555,Tampa,FL,33602,Small Business,2023-04-06,Active,At Risk,
CUST0430,Ryan,Gonzalez,ryan.gonzalez430@example.com,795-555-2184,San Antonio,TX,78205,Residential,2023-06-01,Active,Growing,
CUST0431,Jessica,Perez,jessica.perez431@example.com,220-555-4261,Dallas,TX,75201,Residential,2021-02-01,Active,Growing,
CUST0432,Hannah,Torres,hannah.torres432@example.com,363-555-7853,Los Angeles,CA,90012,Residential,2022-02-18,Active,High Value,
CUST0433,Matthew,Walker,matthew.walker433@example.com,537-555-9645,Arlington,TX,76010,Small Business,2022-02-23,Active,At Risk,
CUST0434,Brian,Young,brian.young434@example.com,251-555-9694,Columbus,OH,43215,Residential,2018-04-29,Active,Loyal,
CUST0435,Karen,Jones,karen.jones435@example.com,655-555-4463,San Antonio,TX,78205,Small Business,2019-06-09,Active,Loyal,
CUST0436,Stephanie,Hill,stephanie.hill436@example.com,468-555-9497,St. Petersburg,FL,33701,Small Business,2025-06-20,Active,New,
CUST0437,Laura,Clark,laura.clark437@example.com,275-555-4762,Arlington,TX,76010,Residential,2021-10-18,Active,Growing,
CUST0438,Thomas,Taylor,thomas.taylor438@example.com,531-555-2537,Orlando,FL,32801,Residential,2019-06-02,Active,Loyal,
CUST0439,Karen,Adams,karen.adams439@example.com,957-555-9179,Fort Worth,TX,76102,Residential,2021-03-29,Active,Loyal,
CUST0440,Patricia,Clark,patricia.clark440@example.com,429-555-1353,Dallas,TX,75201,Residential,2018-09-24,Active,Loyal,
CUST0441,Thomas,Lewis,thomas.lewis441@example.com,920-555-7268,St. Petersburg,FL,33701,Residential,2018-03-25,Active,Loyal,
CUST0442,Mary,Johnson,mary.johnson442@example.com,397-555-5764,Charlotte,NC,28202,Enterprise,2019-03-03,Active,High Value,
CUST0443,Joshua,Ramirez,joshua.ramirez443@example.com,228-555-5407,San Diego,CA,92101,Residential,2021-03-24,Active,Growing,
CUST0444,Donald,Wilson,donald.wilson444@example.com,940-555-5636,Austin,TX,78701,Residential,2021-01-14,Active,Growing,
CUST0445,Mary,Wright,mary.wright445@example.com,464-555-2795,Dallas,TX,75201,Enterprise,2026-03-05,Active,New,
CUST0446,Grace,Smith,grace.smith446@example.com,479-555-9984,Arlington,TX,76010,Residential,2018-12-15,Active,Loyal,
CUST0447,Barbara,Anderson,barbara.anderson447@example.com,577-555-8635,St. Petersburg,FL,33701,Residential,2019-06-01,Active,Loyal,
CUST0448,Barbara,Thompson,barbara.thompson448@example.com,576-555-5087,Austin,TX,78701,Residential,2021-09-24,Active,Growing,
CUST0449,Sarah,Smith,sarah.smith449@example.com,949-555-5735,Charlotte,NC,28202,Residential,2026-04-11,Active,New,
CUST0450,Thomas,Taylor,thomas.taylor450@example.com,458-555-1059,Fort Worth,TX,76102,Small Business,2022-07-28,Active,High Value,
CUST0451,Kimberly,Rodriguez,kimberly.rodriguez451@example.com,766-555-6738,Los Angeles,CA,90012,Residential,2020-06-19,Active,Loyal,
CUST0452,Brandon,White,brandon.white452@example.com,701-555-7213,Arlington,TX,76010,Residential,2023-11-09,Active,Growing,
CUST0453,Matthew,Davis,matthew.davis453@example.com,805-555-7544,St. Petersburg,FL,33701,Enterprise,2019-08-31,Active,High Value,
CUST0454,Ashley,Scott,ashley.scott454@example.com,212-555-8976,San Antonio,TX,78205,Residential,2018-12-22,Active,Loyal,
CUST0455,Susan,Lewis,susan.lewis455@example.com,484-555-3365,Columbus,OH,43215,Residential,2025-03-23,Active,New,
CUST0456,Richard,Smith,richard.smith456@example.com,227-555-5435,Tampa,FL,33602,Residential,2023-04-03,Active,Growing,
CUST0457,Laura,Lopez,laura.lopez457@example.com,385-555-6355,St. Louis,MO,63101,Small Business,2018-05-30,Active,Loyal,
CUST0458,Matthew,Lee,matthew.lee458@example.com,667-555-2628,San Antonio,TX,78205,Residential,2018-01-07,Active,High Value,
CUST0459,Barbara,Martin,barbara.martin459@example.com,822-555-2305,Los Angeles,CA,90012,Residential,2023-03-25,Active,Growing,
CUST0460,Donald,Hernandez,donald.hernandez460@example.com,449-555-1156,Fort Worth,TX,76102,Residential,2022-07-02,Active,At Risk,
CUST0461,Kevin,Anderson,kevin.anderson461@example.com,722-555-7977,Austin,TX,78701,Residential,2018-08-12,Active,Loyal,
CUST0462,Michael,Robinson,michael.robinson462@example.com,928-555-3044,San Diego,CA,92101,Enterprise,2022-10-13,Active,At Risk,
CUST0463,Jessica,Brown,jessica.brown463@example.com,399-555-6075,Columbus,OH,43215,Small Business,2020-07-05,Active,Loyal,
CUST0464,Charles,Miller,charles.miller464@example.com,689-555-8862,Tampa,FL,33602,Small Business,2018-05-06,Active,Loyal,
CUST0465,Robert,King,robert.king465@example.com,626-555-5089,Charlotte,NC,28202,Residential,2022-10-10,Active,At Risk,
CUST0466,Mark,Brown,mark.brown466@example.com,706-555-7060,St. Petersburg,FL,33701,Residential,2019-11-09,Active,Loyal,
CUST0467,Amanda,Harris,amanda.harris467@example.com,365-555-1858,Charlotte,NC,28202,Residential,2022-07-17,Active,At Risk,
CUST0468,Steven,Torres,steven.torres468@example.com,337-555-2180,Orlando,FL,32801,Residential,2018-01-31,Active,Loyal,
CUST0469,Grace,Johnson,grace.johnson469@example.com,792-555-5067,St. Louis,MO,63101,Residential,2021-06-13,Active,Growing,
CUST0470,John,Johnson,john.johnson470@example.com,444-555-9412,Los Angeles,CA,90012,Residential,2021-02-09,Active,Loyal,
CUST0471,Nathan,Rodriguez,nathan.rodriguez471@example.com,259-555-3226,San Diego,CA,92101,Small Business,2022-04-10,Active,At Risk,
CUST0472,Karen,Martin,karen.martin472@example.com,856-555-4812,Columbus,OH,43215,Residential,2023-12-13,Suspended,At Risk,
CUST0473,Ashley,Robinson,ashley.robinson473@example.com,300-555-9484,Austin,TX,78701,Small Business,2021-07-07,Active,Growing,
CUST0474,Joseph,Johnson,joseph.johnson474@example.com,395-555-7297,San Antonio,TX,78205,Small Business,2018-01-18,Active,High Value,
CUST0475,Mark,Thompson,mark.thompson475@example.com,568-555-6884,Los Angeles,CA,90012,Small Business,2025-09-06,Active,New,
CUST0476,Olivia,Miller,olivia.miller476@example.com,490-555-1356,San Diego,CA,92101,Residential,2020-08-18,Active,High Value,
CUST0477,Joshua,Hernandez,joshua.hernandez477@example.com,768-555-8890,Fort Worth,TX,76102,Small Business,2023-10-31,Suspended,At Risk,
CUST0478,James,Sanchez,james.sanchez478@example.com,739-555-7377,Austin,TX,78701,Residential,2020-08-09,Active,Loyal,
CUST0479,Jennifer,Adams,jennifer.adams479@example.com,791-555-6480,Arlington,TX,76010,Residential,2019-08-13,Active,High Value,
CUST0480,Grace,Hill,grace.hill480@example.com,855-555-6809,Dallas,TX,75201,Residential,2020-12-26,Active,Loyal,
CUST0481,Donald,Adams,donald.adams481@example.com,918-555-1569,Arlington,TX,76010,Residential,2026-01-09,Active,New,
CUST0482,Joseph,Williams,joseph.williams482@example.com,538-555-6357,San Diego,CA,92101,Residential,2019-02-15,Active,Loyal,
CUST0483,Kevin,Anderson,kevin.anderson483@example.com,972-555-1351,Raleigh,NC,27601,Residential,2022-08-22,Active,Growing,
CUST0484,Susan,Williams,susan.williams484@example.com,432-555-5013,St. Petersburg,FL,33701,Residential,2024-09-04,Active,At Risk,
CUST0485,Hannah,Moore,hannah.moore485@example.com,943-555-4115,Raleigh,NC,27601,Residential,2018-06-14,Active,Loyal,
CUST0486,Michael,King,michael.king486@example.com,858-555-2048,San Antonio,TX,78205,Residential,2023-03-16,Active,Growing,
CUST0487,Kevin,Johnson,kevin.johnson487@example.com,621-555-5147,San Antonio,TX,78205,Small Business,2018-03-01,Active,Loyal,
CUST0488,Steven,Robinson,steven.robinson488@example.com,960-555-8816,Tampa,FL,33602,Small Business,2018-04-02,Active,Loyal,
CUST0489,Brandon,White,brandon.white489@example.com,387-555-3926,Arlington,TX,76010,Residential,2025-01-27,Active,New,
CUST0490,Jessica,Perez,jessica.perez490@example.com,883-555-9945,Orlando,FL,32801,Enterprise,2022-09-02,Active,Growing,
CUST0491,Jessica,Perez,jessica.perez491@example.com,389-555-8394,Arlington,TX,76010,Small Business,2022-07-30,Inactive,At Risk,
CUST0492,John,Wright,john.wright492@example.com,493-555-7604,San Diego,CA,92101,Residential,2020-09-02,Active,Loyal,
CUST0493,Kimberly,Thomas,kimberly.thomas493@example.com,486-555-9020,Charlotte,NC,28202,Residential,2018-08-30,Active,Loyal,
CUST0494,Susan,Hill,susan.hill494@example.com,733-555-8742,Los Angeles,CA,90012,Residential,2022-08-20,Active,Growing,
CUST0495,Sarah,Smith,sarah.smith495@example.com,538-555-4724,Los Angeles,CA,90012,Small Business,2025-02-08,Active,New,
CUST0496,Olivia,Hernandez,olivia.hernandez496@example.com,745-555-5777,St. Petersburg,FL,33701,Small Business,2019-05-17,Active,Loyal,
CUST0497,Thomas,Davis,thomas.davis497@example.com,435-555-8040,Los Angeles,CA,90012,Residential,2021-01-21,Active,Growing,
CUST0498,Hannah,King,hannah.king498@example.com,489-555-2560,Columbus,OH,43215,Residential,2025-03-18,Active,New,
CUST0499,Paul,King,paul.king499@example.com,933-555-5204,Raleigh,NC,27601,Residential,2020-07-13,Active,Loyal,
CUST0500,Jennifer,Scott,jennifer.scott500@example.com,816-555-6767,Orlando,FL,32801,Residential,2019-03-23,Active,Loyal,
